商品ID,商品名,卸業者,分類,主な原材料または品種,規格,グラムもしくはリットルあたりの単価,数量,単価(税別),金額(税別),日付,備考
IM001,石鎚 純米 R6BY,いまでや,日本酒,雄町,1800ml,1.89,0.0,3400,0,2025-10-21,欠品1
IM002,無窮天穩 土雲 生もと 改良雄町60% 2回火入 R5BY,いまでや,日本酒,改良雄町,1800ml,1.67,0.0,3000,0,2025-10-21,欠品1
IM003,光栄菊 天然乳酸菌仕込み 幾望 無濾過生原酒,いまでや,日本酒,米（詳細不明）,1800ml,1.89,1.0,3400,3400,2025-10-21,10%対象
IM004,千代の光 純米吟醸 KENICHI RO 雄町 火入れ R6BY,いまでや,日本酒,雄町,1800ml,2.02,1.0,3636,3636,2025-10-21,10%対象
IM005,翔 甲州セック スパークリング,いまでや,ワイン,甲州,750ml,2.24,0.0,1680,0,2025-10-21,欠品1
IM006,胎内高原ワイナリー アッサンブラージュ ブラン 2024,いまでや,ワイン,ブドウ（ブレンド）,750ml,3.47,0.0,2600,0,2025-10-21,欠品1
IM007,AFドミニクーヘルド キュヴェ・ヴァイス 2022,いまでや,ワイン,ブドウ（白）,750ml,2.72,1.0,2040,2040,2025-10-21,10%対象
IM008,KPデリンクエンテ タフ・ナッツ 2025,いまでや,ワイン,ブドウ（白/オレンジ）,750ml,2.53,1.0,1900,1900,2025-10-21,10%対象
IM009,フモトヰ 酒門 辛口純米大吟醸,いまでや,日本酒,酒造好適米（詳細不明）,1800ml,1.89,0.0,3400,0,2025-10-21,欠品1
IM010,明鏡止水 酒門 生もと純米大吟醸,いまでや,日本酒,山田錦（推定）,1800ml,1.89,1.0,3400,3400,2025-10-21,10%対象
IM011,EVNイル・ファルネート ブルットナトゥーレ 2023,いまでや,ワイン,ブドウ（泡）,750ml,3.65,1.0,2740,2740,2025-10-21,10%対象
IM012,山形正宗 純米吟醸 竜ノ尾 2025,いまでや,日本酒,亀ノ尾,1800ml,2.17,1.0,3900,3900,2025-10-21,10%対象
NH001,にんにく,肉のハナマサ,生鮮食品,にんにく,,,1.0,98,98,2025-10-22,軽減税率8%対象
NH002,ムキにんにく,肉のハナマサ,生鮮食品,にんにく,,,1.0,300,300,2025-10-22,軽減税率8%対象
NH003,メンマ,肉のハナマサ,加工食品,たけのこ,,,2.0,298,596,2025-10-22,軽減税率8%対象
NH003,メンマ,肉のハナマサ,加工食品,たけのこ,,,2.0,250,500,2025-10-17,軽減税率8%対象
NH003,メンマ,肉のハナマサ,加工食品,たけのこ,,,2.0,250,500,2025-10-02,軽減税率8%対象
NH003,メンマ,肉のハナマサ,加工食品,たけのこ,,,2.0,250,500,2025-10-09,軽減税率8%対象
NH004,国産若鶏モモ肉,肉のハナマサ,肉類,鶏肉,1663.9g,1.19,1.0,1980,1980,2025-10-20,軽減税率8%対象
NH004,国産若鶏モモ肉,肉のハナマサ,肉類,鶏肉,878.2g,1.19,1.0,1045,1045,2025-10-22,軽減税率8%対象
NH004,国産若鶏モモ肉,肉のハナマサ,肉類,鶏肉,505.9g,1.19,1.0,602,602,2025-10-23,軽減税率8%対象
NH004,国産若鶏モモ肉,肉のハナマサ,肉類,鶏肉,1663.9g,1.19,1.0,1980,1980,2025-10-14,軽減税率8%対象
NH004,国産若鶏モモ肉,肉のハナマサ,肉類,鶏肉,726.1g,1.19,1.0,864,864,2025-10-06,軽減税率8%対象
NH004,国産若鶏モモ肉,肉のハナマサ,肉類,鶏肉,603.4g,1.19,1.0,718,718,2025-10-07,軽減税率8%対象
NH004,国産若鶏モモ肉,肉のハナマサ,肉類,鶏肉,745.4g,1.19,1.0,887,887,2025-10-16,軽減税率8%対象
NH004,国産若鶏モモ肉,肉のハナマサ,肉類,鶏肉,712.6g,1.19,1.0,848,848,2025-10-27,軽減税率8%対象
NH004,国産若鶏モモ肉,肉のハナマサ,肉類,鶏肉,1663.9g,1.19,1.0,1980,1980,2025-10-29,軽減税率8%対象
NH004,国産若鶏モモ肉,肉のハナマサ,肉類,鶏肉,759.7g,1.19,1.0,904,904,2025-10-30,軽減税率8%対象
NH005,真鯛,肉のハナマサ,魚介類,鯛,,,1.0,990,990,2025-10-20,軽減税率8%対象
NH005,真鯛,肉のハナマサ,魚介類,鯛,,,1.0,990,990,2025-10-22,軽減税率8%対象
NH005,真鯛,肉のハナマサ,魚介類,鯛,,,1.0,990,990,2025-10-23,軽減税率8%対象
NH005,真鯛,肉のハナマサ,魚介類,鯛,,,1.0,790,790,2025-10-17,軽減税率8%対象
NH005,真鯛,肉のハナマサ,魚介類,鯛,,,1.0,990,891,2025-10-15,軽減税率8%対象・割引10%適用
NH005,真鯛,肉のハナマサ,魚介類,鯛,,,1.0,990,990,2025-10-14,軽減税率8%対象
NH005,真鯛,肉のハナマサ,魚介類,鯛,,,1.0,990,990,2025-10-08,軽減税率8%対象
NH005,真鯛,肉のハナマサ,魚介類,鯛,,,1.0,990,990,2025-10-06,軽減税率8%対象
NH005,真鯛,肉のハナマサ,魚介類,鯛,,,1.0,990,990,2025-10-01,軽減税率8%対象
NH005,真鯛,肉のハナマサ,魚介類,鯛,,,1.0,990,990,2025-10-02,軽減税率8%対象
NH005,真鯛,肉のハナマサ,魚介類,鯛,,,1.0,990,990,2025-10-07,軽減税率8%対象
NH005,真鯛,肉のハナマサ,魚介類,鯛,,,1.0,990,990,2025-10-09,軽減税率8%対象
NH005,真鯛,肉のハナマサ,魚介類,鯛,,,1.0,990,990,2025-10-16,軽減税率8%対象
NH005,真鯛,肉のハナマサ,魚介類,鯛,,,1.0,990,990,2025-10-21,軽減税率8%対象
NH005,真鯛,肉のハナマサ,魚介類,鯛,,,1.0,990,990,2025-10-24,軽減税率8%対象
NH005,真鯛,肉のハナマサ,魚介類,鯛,,,1.0,990,990,2025-10-27,軽減税率8%対象
NH005,真鯛,肉のハナマサ,魚介類,鯛,,,1.0,990,990,2025-10-28,軽減税率8%対象
NH005,真鯛,肉のハナマサ,魚介類,鯛,,,1.0,990,990,2025-10-30,軽減税率8%対象
NH005,真鯛,肉のハナマサ,魚介類,鯛,,,1.0,990,990,2025-10-31,軽減税率8%対象
NH006,ボイルつぶ貝,肉のハナマサ,魚介類,つぶ貝,161.5g,3.48,1.0,562,562,2025-10-20,軽減税率8%対象
NH006,ボイルつぶ貝,肉のハナマサ,魚介類,つぶ貝,144.3g,3.48,1.0,502,502,2025-10-22,軽減税率8%対象
NH006,ボイルつぶ貝,肉のハナマサ,魚介類,つぶ貝,147.7g,3.48,1.0,514,463,2025-10-15,軽減税率8%対象・割引10%適用
NH006,ボイルつぶ貝,肉のハナマサ,魚介類,つぶ貝,156.9g,3.48,1.0,546,546,2025-10-14,軽減税率8%対象
NH006,ボイルつぶ貝,肉のハナマサ,魚介類,つぶ貝,111g,3.48,1.0,386,386,2025-10-08,軽減税率8%対象
NH006,ボイルつぶ貝,肉のハナマサ,魚介類,つぶ貝,109.8g,3.48,1.0,382,382,2025-10-02,軽減税率8%対象
NH006,ボイルつぶ貝,肉のハナマサ,魚介類,つぶ貝,159.2g,3.48,1.0,554,554,2025-10-24,軽減税率8%対象
NH006,ボイルつぶ貝,肉のハナマサ,魚介類,つぶ貝,140.8g,3.48,1.0,490,490,2025-10-27,軽減税率8%対象
NH006,ボイルつぶ貝,肉のハナマサ,魚介類,つぶ貝,115.8g,3.48,1.0,403,403,2025-10-29,軽減税率8%対象
NH007,煮だこ（生食用）,肉のハナマサ,魚介類,たこ,,,1.0,891,891,2025-10-20,軽減税率8%対象
NH007,煮だこ（生食用）,肉のハナマサ,魚介類,たこ,,,1.0,885,885,2025-10-22,軽減税率8%対象
NH007,煮だこ（生食用）,肉のハナマサ,魚介類,たこ,,,1.0,625,625,2025-10-17,軽減税率8%対象
NH007,煮だこ（生食用）,肉のハナマサ,魚介類,たこ,,,1.0,717,645,2025-10-15,軽減税率8%対象・割引10%適用
NH007,煮だこ（生食用）,肉のハナマサ,魚介類,たこ,,,1.0,875,875,2025-10-14,軽減税率8%対象
NH007,煮だこ（生食用）,肉のハナマサ,魚介類,たこ,,,1.0,618,618,2025-10-08,軽減税率8%対象
NH007,煮だこ（生食用）,肉のハナマサ,魚介類,たこ,,,1.0,740,740,2025-10-06,軽減税率8%対象
NH007,煮だこ（生食用）,肉のハナマサ,魚介類,たこ,,,1.0,532,532,2025-10-02,軽減税率8%対象
NH007,煮だこ（生食用）,肉のハナマサ,魚介類,たこ,,,1.0,598,598,2025-10-07,軽減税率8%対象
NH007,煮だこ（生食用）,肉のハナマサ,魚介類,たこ,,,1.0,763,763,2025-10-09,軽減税率8%対象
NH007,煮だこ（生食用）,肉のハナマサ,魚介類,たこ,,,1.0,786,786,2025-10-24,軽減税率8%対象
NH007,煮だこ（生食用）,肉のハナマサ,魚介類,たこ,,,1.0,605,605,2025-10-27,軽減税率8%対象
NH007,煮だこ（生食用）,肉のハナマサ,魚介類,たこ,,,1.0,611,611,2025-10-30,軽減税率8%対象
NH008,スモークサーモン,肉のハナマサ,加工食品,サーモン,,,1.0,499,499,2025-10-22,軽減税率8%対象
NH008,スモークサーモン,肉のハナマサ,加工食品,サーモン,,,1.0,499,499,2025-10-08,軽減税率8%対象
NH009,生中華麺（太麺）,肉のハナマサ,麺類,小麦,,,1.0,348,348,2025-10-22,軽減税率8%対象
NH009,生中華麺（太麺）,肉のハナマサ,麺類,小麦,,,1.0,348,348,2025-10-17,軽減税率8%対象
NH009,生中華麺（太麺）,肉のハナマサ,麺類,小麦,,,1.0,348,348,2025-10-14,軽減税率8%対象
NH009,生中華麺（太麺）,肉のハナマサ,麺類,小麦,,,1.0,348,348,2025-10-02,軽減税率8%対象
NH009,生中華麺（太麺）,肉のハナマサ,麺類,小麦,,,1.0,348,348,2025-10-07,軽減税率8%対象
NH009,生中華麺（太麺）,肉のハナマサ,麺類,小麦,,,1.0,348,348,2025-10-09,軽減税率8%対象
NH009,生中華麺（太麺）,肉のハナマサ,麺類,小麦,,,1.0,348,348,2025-10-28,軽減税率8%対象
NH010,セミドライチェリ,肉のハナマサ,加工食品,トマト,,,1.0,980,980,2025-10-22,軽減税率8%対象
NH011,冷凍塩ゆで枝豆,肉のハナマサ,冷凍食品,枝豆,500g,0.54,1.0,268,268,2025-10-22,軽減税率8%対象
NH011,冷凍塩ゆで枝豆,肉のハナマサ,冷凍食品,枝豆,500g,0.54,1.0,268,268,2025-10-15,軽減税率8%対象
NH011,冷凍塩ゆで枝豆,肉のハナマサ,冷凍食品,枝豆,500g,0.54,1.0,268,268,2025-10-14,軽減税率8%対象
NH011,冷凍塩ゆで枝豆,肉のハナマサ,冷凍食品,枝豆,500g,0.54,1.0,268,268,2025-10-21,軽減税率8%対象
NH011,冷凍塩ゆで枝豆,肉のハナマサ,冷凍食品,枝豆,500g,0.54,1.0,268,268,2025-10-24,軽減税率8%対象
NH011,冷凍塩ゆで枝豆,肉のハナマサ,冷凍食品,枝豆,500g,0.54,1.0,268,268,2025-10-30,軽減税率8%対象
NH011,冷凍塩ゆで枝豆,肉のハナマサ,冷凍食品,枝豆,500g,0.54,1.0,268,268,2025-10-31,軽減税率8%対象
NH012,スプレーホイップ,肉のハナマサ,加工食品,乳製品,,,1.0,498,498,2025-10-22,軽減税率8%対象
NH013,ゴルゴンゾーラ,肉のハナマサ,乳製品,牛乳,,,1.0,1390,1390,2025-10-22,軽減税率8%対象
NH014,料理酒清酒味,肉のハナマサ,調味料,米,1000ml,0.25,1.0,248,248,2025-10-22,軽減税率8%対象
NH014,料理酒清酒味,肉のハナマサ,調味料,米,1000ml,0.25,1.0,248,248,2025-10-02,軽減税率8%対象
NH015,国内産カットわかめ,肉のハナマサ,加工食品,わかめ,,,1.0,368,368,2025-10-22,軽減税率8%対象
NH016,ブラックオリーブ,肉のハナマサ,加工食品,オリーブ,350g,0.71,2.0,248,496,2025-10-22,軽減税率8%対象
NH016,ブラックオリーブ,肉のハナマサ,加工食品,オリーブ,350g,0.71,2.0,248,496,2025-10-09,軽減税率8%対象
NH016,ブラックオリーブ,肉のハナマサ,加工食品,オリーブ,350g,0.71,2.0,248,496,2025-10-03,軽減税率8%対象
NH017,北海道バター,肉のハナマサ,乳製品,牛乳,450g,2.66,1.0,1198,1198,2025-10-22,軽減税率8%対象
NH018,ピーマン（大袋）,肉のハナマサ,生鮮食品,ピーマン,,,1.0,480,480,2025-10-23,軽減税率8%対象
NH018,ピーマン（大袋）,肉のハナマサ,生鮮食品,ピーマン,,,1.0,350,350,2025-10-15,軽減税率8%対象
NH018,ピーマン（大袋）,肉のハナマサ,生鮮食品,ピーマン,,,1.0,480,480,2025-10-07,軽減税率8%対象
NH018,ピーマン（大袋）,肉のハナマサ,生鮮食品,ピーマン,,,1.0,480,480,2025-10-27,軽減税率8%対象
NH019,こまつな 茨城,肉のハナマサ,生鮮食品,こまつな,,,1.0,150,150,2025-10-23,軽減税率8%対象
NH020,豚挽肉（解凍）,肉のハナマサ,肉類,豚肉,,,1.0,810,810,2025-10-23,軽減税率8%対象
NH020,豚挽肉（解凍）,肉のハナマサ,肉類,豚肉,,,1.0,791,791,2025-10-15,軽減税率8%対象
NH020,豚挽肉（解凍）,肉のハナマサ,肉類,豚肉,,,1.0,784,784,2025-10-06,軽減税率8%対象
NH021,有頭赤えび,肉のハナマサ,生鮮食品,赤えび,,,2.0,498,996,2025-10-23,軽減税率8%対象
NH022,静岡ザク切り本わさび,肉のハナマサ,調味料,わさび,,,1.0,280,280,2025-10-20,軽減税率8%対象
NH022,静岡ザク切り本わさび,肉のハナマサ,調味料,わさび,,,1.0,280,280,2025-10-23,軽減税率8%対象
NH022,静岡ザク切り本わさび,肉のハナマサ,調味料,わさび,,,1.0,280,280,2025-10-14,軽減税率8%対象
NH022,静岡ザク切り本わさび,肉のハナマサ,調味料,わさび,,,1.0,280,280,2025-10-08,軽減税率8%対象
NH022,静岡ザク切り本わさび,肉のハナマサ,調味料,わさび,,,1.0,280,280,2025-10-31,軽減税率8%対象
NH023,プロ仕様〆さば,肉のハナマサ,加工食品,さば,,,1.0,499,499,2025-10-20,軽減税率8%対象
NH023,プロ仕様〆さば,肉のハナマサ,加工食品,さば,,,1.0,499,499,2025-10-23,軽減税率8%対象
NH023,プロ仕様〆さば,肉のハナマサ,加工食品,さば,,,1.0,499,499,2025-10-08,軽減税率8%対象
NH023,プロ仕様〆さば,肉のハナマサ,加工食品,さば,,,1.0,499,499,2025-10-06,軽減税率8%対象
NH023,プロ仕様〆さば,肉のハナマサ,加工食品,さば,,,1.0,499,499,2025-10-02,軽減税率8%対象
NH023,プロ仕様〆さば,肉のハナマサ,加工食品,さば,,,1.0,499,499,2025-10-29,軽減税率8%対象
NH023,プロ仕様〆さば,肉のハナマサ,加工食品,さば,,,1.0,499,499,2025-10-31,軽減税率8%対象
NH024,ペチュキムチ,肉のハナマサ,漬物,白菜,250g,1.52,1.0,380,380,2025-10-23,軽減税率8%対象
NH024,ペチュキムチ,肉のハナマサ,漬物,白菜,250g,1.52,1.0,380,380,2025-10-28,軽減税率8%対象
NH025,みどり無調整豆乳,肉のハナマサ,飲料,大豆,1000ml,0.178,1.0,178,178,2025-10-23,軽減税率8%対象
NH025,みどり無調整豆乳,肉のハナマサ,飲料,大豆,1000ml,0.178,1.0,178,178,2025-10-02,軽減税率8%対象
NH025,みどり無調整豆乳,肉のハナマサ,飲料,大豆,1000ml,0.178,1.0,178,178,2025-10-07,軽減税率8%対象
NH026,たまご わかばち,肉のハナマサ,生鮮食品,鶏卵,,,1.0,198,198,2025-10-23,軽減税率8%対象
NH026,たまご わかばち,肉のハナマサ,卵,鶏卵,,,1.0,218,218,2025-10-09,軽減税率8%対象
NH027,セレクト 花椒,肉のハナマサ,調味料,花椒,30g,36.0,1.0,1080,1080,2025-10-23,軽減税率8%対象
NH027,セレクト 花椒,肉のハナマサ,調味料,花椒,30g,36.0,1.0,1080,1080,2025-10-08,軽減税率8%対象
NH028,ラー油,肉のハナマサ,調味料,ごま油,450g,146.0,1.0,658,658,2025-10-23,軽減税率8%対象
NH028,ラー油,肉のハナマサ,調味料,ラー油,,,1.0,328,328,2025-10-08,軽減税率8%対象
NH029,国産さとうきび糖,肉のハナマサ,調味料,さとうきび,1000g,0.428,1.0,428,428,2025-10-23,軽減税率8%対象
NH030,四川豆板醤,肉のハナマサ,調味料,唐辛子,225g,2.21,1.0,498,498,2025-10-23,軽減税率8%対象
NH031,テンメンジャン,肉のハナマサ,調味料,小麦,220g,2.17,1.0,478,478,2025-10-23,軽減税率8%対象
NH032,本醸造しょうゆ,肉のハナマサ,調味料,大豆,1000ml,0.198,1.0,198,198,2025-10-23,軽減税率8%対象
NH032,本醸造しょうゆ,肉のハナマサ,調味料,大豆,1000ml,0.198,1.0,198,198,2025-10-07,軽減税率8%対象
NH033,熟トマト,肉のハナマサ,加工食品,トマト,,,1.0,168,168,2025-10-23,軽減税率8%対象
NH033,熟トマト,肉のハナマサ,加工食品,トマト,,,1.0,158,158,2025-10-10,軽減税率8%対象
NH033,熟トマト,肉のハナマサ,加工食品,トマト,,,1.0,168,168,2025-10-31,軽減税率8%対象
NH034,豚バラスライス,肉のハナマサ,精肉,豚肉,563.8g,1.49,1.0,840,840,2025-10-20,軽減税率8%対象
NH035,国産若鶏ムネ肉,肉のハナマサ,精肉,鶏肉,1278.5g,0.79,1.0,1010,615,2025-10-20,軽減税率8%対象
NH035,国産若鶏ムネ肉,肉のハナマサ,肉類,鶏肉,844.3g,0.79,1.0,667,667,2025-10-06,軽減税率8%対象
NH035,国産若鶏ムネ肉,肉のハナマサ,肉類,鶏肉,665.8g,0.79,1.0,526,526,2025-10-28,軽減税率8%対象
NH036,天然ぶり,肉のハナマサ,魚介類,ぶり,,,1.0,690,690,2025-10-20,軽減税率8%対象
NH036,天然ぶり,肉のハナマサ,魚介類,ぶり,,,1.0,490,441,2025-10-15,軽減税率8%対象・割引10%適用
NH036,天然ぶり,肉のハナマサ,魚介類,ぶり,,,1.0,490,490,2025-10-14,軽減税率8%対象
NH036,天然ぶり,肉のハナマサ,魚介類,ぶり,,,1.0,990,990,2025-10-06,軽減税率8%対象
NH036,天然ぶり,肉のハナマサ,魚介類,ぶり,,,1.0,590,590,2025-10-01,軽減税率8%対象
NH036,天然ぶり,肉のハナマサ,魚介類,ぶり,,,1.0,490,490,2025-10-16,軽減税率8%対象
NH036,天然ぶり,肉のハナマサ,魚介類,ぶり,,,1.0,690,690,2025-10-21,軽減税率8%対象
NH036,天然ぶり,肉のハナマサ,魚介類,ぶり,,,1.0,490,490,2025-10-31,軽減税率8%対象
NH037,有頭赤えび,肉のハナマサ,魚介類,えび,,,1.0,599,599,2025-10-20,軽減税率8%対象
NH037,有頭赤えび,肉のハナマサ,魚介類,えび,,,2.0,599,1198,2025-10-15,軽減税率8%対象
NH037,有頭赤えび,肉のハナマサ,魚介類,えび,,,,599,599,2025-10-14,軽減税率8%対象
NH037,有頭赤えび,肉のハナマサ,魚介類,えび,,,2.0,599,1198,2025-10-06,軽減税率8%対象
NH037,有頭赤えび,肉のハナマサ,魚介類,えび,,,2.0,599,1198,2025-10-01,軽減税率8%対象
NH037,有頭赤えび,肉のハナマサ,魚介類,えび,,,2.0,550,1100,2025-10-09,軽減税率8%対象
NH037,有頭赤えび,肉のハナマサ,魚介類,えび,,,1.0,550,550,2025-10-03,軽減税率8%対象
NH037,有頭赤えび,肉のハナマサ,魚介類,えび,,,2.0,599,1198,2025-10-21,軽減税率8%対象
NH037,有頭赤えび,肉のハナマサ,魚介類,えび,,,2.0,498,996,2025-10-28,軽減税率8%対象
NH037,有頭赤えび,肉のハナマサ,魚介類,えび,,,2.0,498,996,2025-10-30,軽減税率8%対象
NH037,有頭赤えび,肉のハナマサ,魚介類,えび,,,2.0,699,1398,2025-10-31,軽減税率8%対象
NH038,殻付あさり,肉のハナマサ,魚介類,あさり,500g,0.6,1.0,298,298,2025-10-20,軽減税率8%対象
NH038,殻付あさり,肉のハナマサ,魚介類,あさり,500g,0.6,1.0,298,298,2025-10-16,軽減税率8%対象
NH038,殻付あさり,肉のハナマサ,魚介類,あさり,500g,0.6,1.0,298,298,2025-10-29,軽減税率8%対象
NH039,明太子,肉のハナマサ,魚介類,たらこ,,,1.0,446,446,2025-10-20,軽減税率8%対象
NH039,明太子,肉のハナマサ,魚介類,たらこ,,,1.0,379,379,2025-10-10,軽減税率8%対象
NH039,明太子,肉のハナマサ,魚介類,たらこ,,,1.0,322,322,2025-10-03,軽減税率8%対象
NH040,冷凍バゲット（ロング）,肉のハナマサ,パン類,小麦,,,1.0,280,280,2025-10-20,軽減税率8%対象
NH041,小玉たまごミックス,肉のハナマサ,卵類,鶏卵,,,1.0,178,178,2025-10-20,軽減税率8%対象
NH041,小玉たまごミックス,肉のハナマサ,卵類,鶏卵,,,1.0,138,138,2025-10-15,軽減税率8%対象
NH041,小玉たまごミックス,肉のハナマサ,卵類,鶏卵,,,1.0,138,138,2025-10-14,軽減税率8%対象
NH042,三年陳年紹興酒,肉のハナマサ,酒類,紹興酒,600ml,0.62,1.0,370,370,2025-10-20,10%対象
NH042,三年陳年紹興酒,肉のハナマサ,酒類,紹興酒,600ml,0.62,1.0,370,370,2025-10-06,10%対象
NH042,三年陳年紹興酒,肉のハナマサ,酒類,紹興酒,600ml,0.62,1.0,370,370,2025-10-03,10%対象
NH042,三年陳年紹興酒,肉のハナマサ,酒類,紹興酒,600ml,0.62,1.0,370,370,2025-10-27,10%対象
NH042,三年陳年紹興酒,肉のハナマサ,酒類,紹興酒,600ml,0.62,1.0,370,370,2025-10-31,10%対象
NH043,長ねぎ,肉のハナマサ,野菜,ねぎ,,,1.0,498,498,2025-10-17,軽減税率8%対象
NH043,長ねぎ,肉のハナマサ,野菜,ねぎ,,,1.0,498,498,2025-10-08,軽減税率8%対象
NH043,長ねぎ,肉のハナマサ,野菜,ねぎ,,,1.0,480,480,2025-10-28,軽減税率8%対象
NH044,大葉（小）,肉のハナマサ,野菜,大葉,,,1.0,250,250,2025-10-17,軽減税率8%対象
NH044,大葉（小）,肉のハナマサ,野菜,大葉,,,1.0,300,300,2025-10-08,軽減税率8%対象
NH044,大葉（小）,肉のハナマサ,野菜,大葉,,,1.0,300,300,2025-10-27,軽減税率8%対象
NH045,ぶなしめじ,肉のハナマサ,野菜,ぶなしめじ,,,1.0,250,250,2025-10-17,軽減税率8%対象
NH045,ぶなしめじ,肉のハナマサ,野菜,しめじ,,,1.0,280,280,2025-10-29,軽減税率8%対象
NH046,ソディカ,肉のハナマサ,調味料,オリーブオイル,,,1.0,416,416,2025-10-17,軽減税率8%対象
NH047,生のり,肉のハナマサ,海産物,生のり,,,1.0,199,199,2025-10-17,軽減税率8%対象
NH047,生のり,肉のハナマサ,魚介類,のり,,,1.0,199,199,2025-10-27,軽減税率8%対象
NH047,生のり,肉のハナマサ,海藻類,のり,,,1.0,199,199,2025-10-02,軽減税率8%対象
NH048,たまごわかばち,肉のハナマサ,卵,鶏卵,,,1.0,198,198,2025-10-17,軽減税率8%対象
NH049,エキストラバージンオリーブオイル,肉のハナマサ,調味料,オリーブオイル,455g,1.71,1.0,780,780,2025-10-17,軽減税率8%対象
NH050,濃縮還元レモン果汁,肉のハナマサ,調味料,レモン果汁,,,1.0,358,358,2025-10-17,軽減税率8%対象
NH051,さしみ醤油,肉のハナマサ,調味料,醤油,,,1.0,248,248,2025-10-17,軽減税率8%対象
NH051,さしみ醤油,肉のハナマサ,調味料,しょうゆ,,,1.0,248,248,2025-10-08,軽減税率8%対象
NH051,さしみ醤油,肉のハナマサ,調味料,醤油,,,1.0,248,248,2025-10-27,軽減税率8%対象
NH052,ディール,肉のハナマサ,野菜,ハーブ,,,1.0,298,298,2025-10-15,軽減税率8%対象
NH053,小松菜,肉のハナマサ,野菜,小松菜,,,1.0,98,98,2025-10-15,軽減税率8%対象
NH053,小松菜,肉のハナマサ,野菜,小松菜,,,1.0,98,98,2025-10-01,軽減税率8%対象
NH053,小松菜,肉のハナマサ,野菜,小松菜,,,1.0,98,98,2025-10-28,軽減税率8%対象
NH054,甘口鰹酒盗（瓶）,肉のハナマサ,加工品,鰹,,,1.0,490,490,2025-10-15,軽減税率8%対象
NH055,たら子,肉のハナマサ,魚介類,たらこ,,,1.0,402,402,2025-10-15,軽減税率8%対象
NH056,いぶりがっこ,肉のハナマサ,加工品,大根,,,1.0,699,699,2025-10-15,軽減税率8%対象
NH056,いぶりがっこ,肉のハナマサ,加工品,大根,,,1.0,699,699,2025-10-21,軽減税率8%対象
NH056,いぶりがっこ,肉のハナマサ,加工品,大根,,,2.0,699,1398,2025-10-27,軽減税率8%対象
NH057,生中華麺（玉子麺）,肉のハナマサ,麺類,小麦,,,1.0,348,348,2025-10-15,軽減税率8%対象
NH057,生中華麺（玉子麺）,肉のハナマサ,麺類,小麦,,,1.0,348,348,2025-10-30,軽減税率8%対象
NH058,ペチュキムチ（特）,肉のハナマサ,漬物,白菜,216g,1.52,1.0,328,328,2025-10-15,軽減税率8%対象
NH059,オリーブオイルと,肉のハナマサ,調味料,オリーブ,,,1.0,398,398,2025-10-15,軽減税率8%対象
NH060,本みりん,肉のハナマサ,調味料,みりん,1000ml,0.4,1.0,399,399,2025-10-15,10%対象
NH061,万能ねぎ,肉のハナマサ,野菜,ねぎ,,,1.0,250,250,2025-10-14,軽減税率8%対象
NH061,万能ねぎ,肉のハナマサ,野菜,ねぎ,,,1.0,250,250,2025-10-01,軽減税率8%対象
NH061,万能ねぎ,肉のハナマサ,野菜,ねぎ,,,1.0,250,250,2025-10-27,軽減税率8%対象
NH062,国産若鶏皮なしムネ肉,肉のハナマサ,肉類,鶏,,,1.0,581,581,2025-10-14,軽減税率8%対象
NH063,甘口鰹酒盗,肉のハナマサ,加工品,鰹,,,1.0,490,490,2025-10-14,軽減税率8%対象
NH064,プロ仕様いわしさば缶,肉のハナマサ,加工品,いわし・さば,,,1.0,499,499,2025-10-14,軽減税率8%対象
NH065,ペチュキムチ（特）,肉のハナマサ,漬物,白菜,216g,1.52,1.0,328,328,2025-10-14,軽減税率8%対象
NH066,花椒,肉のハナマサ,調味料,花椒,,,1.0,278,278,2025-10-14,軽減税率8%対象
NH067,八角,肉のハナマサ,調味料,八角,,,1.0,298,298,2025-10-14,軽減税率8%対象
NH067,八角,肉のハナマサ,調味料,香辛料,,,1.0,298,298,2025-10-28,軽減税率8%対象
NH068,玉ねぎ,肉のハナマサ,野菜,玉ねぎ,,,1.0,480,480,2025-10-08,軽減税率8%対象
NH068,玉ねぎ,肉のハナマサ,野菜,玉ねぎ,,,1.0,298,298,2025-10-01,軽減税率8%対象
NH068,玉ねぎ,肉のハナマサ,野菜,玉ねぎ,,,1.0,480,480,2025-10-29,軽減税率8%対象
NH069,こまつな,肉のハナマサ,野菜,小松菜,,,1.0,98,98,2025-10-08,軽減税率8%対象
NH070,若鶏モモ肉（解凍）,肉のハナマサ,肉類,鶏もも肉,995.6g,0.68,1.0,677,677,2025-10-08,軽減税率8%対象
NH070,若鶏モモ肉（解凍）,肉のハナマサ,肉類,鶏,926.5g,0.68,1.0,630,630,2025-10-27,軽減税率8%対象
NH071,ペチュキムチ特,肉のハナマサ,加工品,白菜,216g,1.52,1.0,328,328,2025-10-08,軽減税率8%対象
NH072,国産大豆ダブルパック,肉のハナマサ,加工品,納豆,,,1.0,109,109,2025-10-08,軽減税率8%対象
NH073,クラフトフィラデルフィア,肉のハナマサ,乳製品,クリームチーズ,,,1.0,498,498,2025-10-08,軽減税率8%対象
NH074,セレクト カイエンペッパー,肉のハナマサ,調味料,唐辛子,,,1.0,550,550,2025-10-08,軽減税率8%対象
NH075,タルタルソース,肉のハナマサ,調味料,ソース,,,1.0,258,258,2025-10-08,軽減税率8%対象
NH076,麻辣麻婆,肉のハナマサ,調味料,麻婆ソース,,,1.0,258,258,2025-10-08,軽減税率8%対象
NH077,芝麻醬,肉のハナマサ,調味料,麻醬,200g,2.74,1.0,548,548,2025-10-08,軽減税率8%対象
NH078,一味唐辛子,肉のハナマサ,調味料,唐辛子,,,1.0,648,648,2025-10-08,軽減税率8%対象
NH079,糸唐辛子,肉のハナマサ,調味料,唐辛子,,,1.0,548,548,2025-10-08,軽減税率8%対象
NH080,三温糖,肉のハナマサ,調味料,砂糖,1000g,0.37,1.0,368,368,2025-10-08,軽減税率8%対象
NH081,長芋,肉のハナマサ,野菜,長芋,,,1.0,680,680,2025-10-06,軽減税率8%対象
NH081,長芋,肉のハナマサ,野菜,長芋,,,1.0,780,780,2025-10-09,軽減税率8%対象
NH081,長芋,肉のハナマサ,野菜,長芋,,,1.0,680,680,2025-10-21,軽減税率8%対象
NH081,長芋,肉のハナマサ,野菜,長芋,,,1.0,680,680,2025-10-24,軽減税率8%対象
NH081,長芋,肉のハナマサ,野菜,長芋,,,1.0,680,680,2025-10-31,軽減税率8%対象
NH082,静岡ザク切り本わ,肉のハナマサ,野菜,本わさび,,,1.0,280,280,2025-10-06,軽減税率8%対象
NH082,静岡ザク切り本わ,肉のハナマサ,調味料,わさび,,,1.0,280,280,2025-10-16,軽減税率8%対象
NH082,静岡ザク切り本わ,肉のハナマサ,調味料,わさび,,,1.0,280,280,2025-10-24,軽減税率8%対象
NH082,静岡ザク切り本わ,肉のハナマサ,調味料,わさび,,,1.0,280,280,2025-10-27,軽減税率8%対象
NH082,静岡ザク切り本わ,肉のハナマサ,調味料,わさび,,,1.0,280,280,2025-10-29,軽減税率8%対象
NH083,冷凍バゲット（口）,肉のハナマサ,加工品,小麦,,,1.0,280,280,2025-10-06,軽減税率8%対象
NH084,豚小間切肉,肉のハナマサ,肉類,豚肉,,,1.0,1347,1347,2025-10-01,軽減税率8%対象
NH085,陳健一 僕の大好物,肉のハナマサ,加工品,,,,1.0,328,328,2025-10-01,軽減税率8%対象
NH086,ビズーレペーパー,肉のハナマサ,日用品,ペーパー,,,1.0,128,128,2025-10-01,10%対象
NH086,ビズーレペーパー,肉のハナマサ,日用品,ペーパー,,,1.0,128,128,2025-10-10,10%対象
NH086,ビズーレペーパー,肉のハナマサ,日用品,ペーパー,,,1.0,148,148,2025-10-27,10%対象
NH086,ビズーレペーパー,肉のハナマサ,日用品,ペーパー,,,1.0,148,148,2025-10-30,10%対象
NH087,アボカド袋,肉のハナマサ,野菜,アボカド,,,2.0,298,596,2025-10-02,軽減税率8%対象
NH088,いちじく,肉のハナマサ,果物,いちじく,,,1.0,680,680,2025-10-02,軽減税率8%対象
NH088,いちじく,肉のハナマサ,果物,いちじく,,,1.0,680,680,2025-10-09,軽減税率8%対象
NH089,ファミリーポテ,肉のハナマサ,加工品,じゃがいも,,,1.0,229,229,2025-10-02,軽減税率8%対象
NH089,ファミリーポテ,肉のハナマサ,加工品,じゃがいも,,,1.0,229,229,2025-10-21,軽減税率8%対象
NH090,おいしいちくわ,肉のハナマサ,加工品,魚肉,,,1.0,209,209,2025-10-02,軽減税率8%対象
NH091,クラフトフィラデ,肉のハナマサ,乳製品,クリームチーズ,,,1.0,498,498,2025-10-02,軽減税率8%対象
NH091,クラフトフィラデ,肉のハナマサ,乳製品,クリームチーズ,,,1.0,498,498,2025-10-21,軽減税率8%対象
NH091,クラフトフィラデ,肉のハナマサ,乳製品,チーズ,,,1.0,498,498,2025-10-27,軽減税率8%対象
NH092,うすくち醤油,肉のハナマサ,調味料,しょうゆ,1000ml,0.23,1.0,228,228,2025-10-02,軽減税率8%対象
NH093,胡瓜,肉のハナマサ,野菜,きゅうり,,,1.0,498,498,2025-10-07,軽減税率8%対象
NH093,胡瓜,肉のハナマサ,野菜,きゅうり,,,1.0,398,398,2025-10-16,軽減税率8%対象
NH093,胡瓜,肉のハナマサ,野菜,きゅうり,,,1.0,450,450,2025-10-27,軽減税率8%対象
NH094,人参,肉のハナマサ,野菜,にんじん,,,1.0,380,380,2025-10-07,軽減税率8%対象
NH094,人参,肉のハナマサ,野菜,人参,,,1.0,250,250,2025-10-24,軽減税率8%対象
NH095,大根,肉のハナマサ,野菜,だいこん,,,1.0,298,298,2025-10-07,軽減税率8%対象
NH096,カットぶなしめじ,肉のハナマサ,野菜,ぶなしめじ,,,1.0,158,158,2025-10-07,軽減税率8%対象
NH096,カットぶなしめじ,肉のハナマサ,野菜,しめじ,,,1.0,180,180,2025-10-28,軽減税率8%対象
NH097,レモン,肉のハナマサ,野菜,レモン,,,1.0,680,680,2025-10-07,軽減税率8%対象
NH097,レモン,肉のハナマサ,野菜,レモン,,,1.0,680,680,2025-10-27,軽減税率8%対象
NH098,豚バラブロック,肉のハナマサ,肉類,豚肉,1005.4g,1.29,1.0,1297,1297,2025-10-07,軽減税率8%対象
NH098,豚バラブロック,肉のハナマサ,肉類,豚,1040.3g,1.29,1.0,1342,1342,2025-10-24,軽減税率8%対象
NH099,きびなご,肉のハナマサ,魚介類,きびなご,,,1.0,390,390,2025-10-07,軽減税率8%対象
NH099,きびなご,肉のハナマサ,魚介類,きびなご,,,1.0,390,390,2025-10-09,軽減税率8%対象
NH100,バタール,肉のハナマサ,加工品,パン,,,1.0,128,128,2025-10-07,軽減税率8%対象
NH100,バタール,肉のハナマサ,パン類,小麦,,,1.0,128,128,2025-10-29,軽減税率8%対象
NH101,わかばち,肉のハナマサ,加工品,,,,1.0,218,218,2025-10-07,軽減税率8%対象
NH102,お徳用 おろし生,肉のハナマサ,調味料,しょうが,,,1.0,388,388,2025-10-07,軽減税率8%対象
NH103,純粋はちみつ,肉のハナマサ,調味料,はちみつ,,,1.0,350,350,2025-10-07,軽減税率8%対象
NH104,根しょうが,肉のハナマサ,野菜,しょうが,,,1.0,280,280,2025-10-09,軽減税率8%対象
NH104,根しょうが,肉のハナマサ,野菜,しょうが,,,1.0,280,280,2025-10-28,軽減税率8%対象
NH105,塩味茶豆（自然解凍）,肉のハナマサ,冷凍食品,枝豆,,,1.0,298,298,2025-10-09,軽減税率8%対象
NH106,プラス糀 生塩糀,肉のハナマサ,調味料,こうじ,,,1.0,398,398,2025-10-09,軽減税率8%対象
NH107,ハラペーニョスライス,肉のハナマサ,調味料,唐辛子,340g,1.17,1.0,398,398,2025-10-09,軽減税率8%対象
NH108,スコッティファイン,肉のハナマサ,日用品,ティッシュ,,,1.0,160,160,2025-10-09,10%対象
NH109,不揃い生ハムロー,肉のハナマサ,加工品,豚肉,,,1.0,398,398,2025-10-10,軽減税率8%対象
NH110,冷凍バゲット（ロ）,肉のハナマサ,冷凍食品,小麦,,,1.0,280,280,2025-10-10,軽減税率8%対象
NH111,味の素アジパン,肉のハナマサ,調味料,調味料,,,1.0,368,368,2025-10-03,軽減税率8%対象
NH112,トマトパサータ,肉のハナマサ,調味料,トマト,690g,0.36,1.0,248,248,2025-10-03,軽減税率8%対象
NH112,トマトパサータ,肉のハナマサ,調味料,トマト,690g,0.36,1.0,248,248,2025-10-27,軽減税率8%対象
NH113,小玉たまごミック,肉のハナマサ,卵/乳製品,卵,,,1.0,138,138,2025-10-16,軽減税率8%対象
NH113,小玉たまごミック,肉のハナマサ,卵/乳製品,卵,,,1.0,158,158,2025-10-24,軽減税率8%対象
NH114,インデラカレー,肉のハナマサ,調味料,カレー粉,,,1.0,680,680,2025-10-16,軽減税率8%対象
NH115,玉三上新粉（国産）,肉のハナマサ,乾物,米粉,,,1.0,498,498,2025-10-16,軽減税率8%対象
NH116,北海道産きな粉,肉のハナマサ,乾物,大豆,,,1.0,98,98,2025-10-16,軽減税率8%対象
NH117,JM直火焼カレー,肉のハナマサ,加工品,カレー,,,1.0,299,299,2025-10-21,軽減税率8%対象
NH118,ぼたん焼ちくわ,肉のハナマサ,加工品,魚肉,,,1.0,179,179,2025-10-21,軽減税率8%対象
NH119,ひまわりとオリーブ,肉のハナマサ,調味料,植物油,916g,0.65,1.0,598,598,2025-10-21,軽減税率8%対象
NH120,米油,肉のハナマサ,調味料,米,1350g,0.73,1.0,980,980,2025-10-21,軽減税率8%対象
NH121,大根1/2カット,肉のハナマサ,野菜,大根,,,1.0,158,158,2025-10-24,軽減税率8%対象
NH122,柿,肉のハナマサ,野菜,柿,,,2.0,100,200,2025-10-24,軽減税率8%対象
NH123,冷凍バゲット,肉のハナマサ,加工品,小麦,,,1.0,280,280,2025-10-24,軽減税率8%対象
NH124,たら白子,肉のハナマサ,魚介類,たら,,,1.0,629,629,2025-10-27,軽減税率8%対象
NH124,たら白子,肉のハナマサ,魚介類,たら,,,1.0,783,783,2025-10-29,軽減税率8%対象
NH125,プロ仕様さば,肉のハナマサ,魚介類,さば,,,1.0,499,499,2025-10-27,軽減税率8%対象
NH126,風味とコクのデ,肉のハナマサ,調味料,ドレッシング,,,1.0,1198,1198,2025-10-27,軽減税率8%対象
NH127,チェリートマト,肉のハナマサ,野菜,トマト,,,1.0,350,350,2025-10-28,軽減税率8%対象
NH127,チェリートマト,肉のハナマサ,野菜,トマト,,,1.0,298,298,2025-10-31,軽減税率8%対象
NH128,なす,肉のハナマサ,野菜,なす,,,1.0,250,250,2025-10-28,軽減税率8%対象
NH129,子持ち浅別かれい,肉のハナマサ,魚介類,かれい,,,2.0,680,1360,2025-10-28,軽減税率8%対象
NH130,白菜浅漬,肉のハナマサ,漬物,白菜,,,1.0,318,318,2025-10-28,軽減税率8%対象
NH131,国産紅しょうが,肉のハナマサ,漬物,しょうが,,,1.0,128,128,2025-10-28,軽減税率8%対象
NH132,ピリ辛らっきょう,肉のハナマサ,漬物,らっきょう,,,1.0,198,198,2025-10-28,軽減税率8%対象
NH133,たまご,肉のハナマサ,卵/乳製品,卵,,,1.0,188,188,2025-10-28,軽減税率8%対象
NH134,ほんだし瓶,肉のハナマサ,調味料,かつおだし,,,1.0,268,268,2025-10-28,軽減税率8%対象
NH135,トムヤムペースト,肉のハナマサ,調味料,タイ調味料,,,1.0,498,498,2025-10-28,軽減税率8%対象
NH136,きざんだピクルス,肉のハナマサ,調味料,ピクルス,160g,1.86,1.0,298,298,2025-10-28,軽減税率8%対象
NH137,ケーパー,肉のハナマサ,調味料,ケーパー,100g,3.68,1.0,368,368,2025-10-28,軽減税率8%対象
NH138,わらさ,肉のハナマサ,魚介類,ぶり,,,1.0,1080,1080,2025-10-29,軽減税率8%対象
NH139,カルピス 白ペット,肉のハナマサ,飲料,乳酸飲料,,,2.0,348,696,2025-10-29,軽減税率8%対象
NH140,メバチマグロ（赤身）,肉のハナマサ,魚介類,まぐろ,,,1.0,532,532,2025-10-30,軽減税率8%対象
NH141,冷凍ボイルムール貝,肉のハナマサ,魚介類,ムール貝,,,1.0,960,960,2025-10-30,軽減税率8%対象
NH142,ほうれん草,肉のハナマサ,野菜,ほうれん草,496g,0.54,1.0,268,268,2025-10-30,軽減税率8%対象
NH143,キャノーラ油,肉のハナマサ,調味料,菜種油,1650g,0.36,1.0,588,588,2025-10-31,軽減税率8%対象
NH144,ミスターパック ビニール袋,肉のハナマサ,消耗品,ポリ袋,,,1.0,98,98,2025-10-31,10%対象
高畠001,高畠ワイナリー醸造所限定,高畠ワイナリー,酒類,ワイン,,,1.0,2800,2800,2025-10-12,内10%
高畠002,高畠ラ・クロチュア・エレクトリック,高畠ワイナリー,酒類,ワイン,,,1.0,5500,5500,2025-10-12,内10%
高畠003,山形のそば茶「でわかおり」,高畠ワイナリー,乾物,そば,,,1.0,648,648,2025-10-12,内8%
高畠004,米沢牛入りサラミ95g,高畠ワイナリー,加工品,牛肉,95g,6.59,1.0,626,626,2025-10-12,内8%
高畠005,山形グミ おきたまデラウェア,高畠ワイナリー,菓子,ぶどう,,,1.0,150,150,2025-10-12,内8%
高畠006,レジ袋,高畠ワイナリー,日用品,ポリ袋,,,1.0,1,1,2025-10-12,内10%
道の001,野菜類（2コ×単150）,道の駅めざみの里 観光物産館,野菜,不明,,,2.0,150,300,2025-10-13,内8%
道の002,名前のないふりかけ,道の駅めざみの里 観光物産館,乾物,ふりかけ,,,1.0,756,756,2025-10-13,内8%
道の003,カネジューニ三五八,道の駅めざみの里 観光物産館,調味料,こうじ漬けの素,,,1.0,450,450,2025-10-13,内8%
道の004,若乃井酒造 酒粕,道の駅めざみの里 観光物産館,加工品,酒粕,,,1.0,500,500,2025-10-13,内8%
道の005,蔵王ブルワリー,道の駅めざみの里 観光物産館,酒類,ビール,,,1.0,1330,1330,2025-10-13,内10%
NH145,牛大腸（解凍）,肉のハナマサ 川口店,肉類,,,,1.0,613,613,2025-11-02,軽減税率8%対象
NH146,醤油もつ鍋,肉のハナマサ 川口店,調味料,,,,1.0,258,258,2025-11-02,軽減税率8%対象
NH094,人参,肉のハナマサ 銀座店,野菜,,,,1.0,380,380,2025-11-04,軽減税率8%対象
NH095,大根,肉のハナマサ 銀座店,野菜,,,,1.0,250,250,2025-11-04,軽減税率8%対象
NH020,豚挽肉（解凍）,肉のハナマサ 銀座店,肉類,,,,1.0,805,805,2025-11-04,軽減税率8%対象
NH070,若鶏モモ肉（解凍）,肉のハナマサ 銀座店,肉類,,,,1.0,705,705,2025-11-04,軽減税率8%対象
NH035,国産若鶏ムネ肉,肉のハナマサ 銀座店,肉類,,,,1.0,488,488,2025-11-04,軽減税率8%対象
NH004,国産若鶏モモ肉,肉のハナマサ 銀座店,肉類,,,,1.0,781,781,2025-11-04,軽減税率8%対象
NH005,真鯛,肉のハナマサ 銀座店,魚介類,,,,1.0,990,990,2025-11-04,軽減税率8%対象
NH007,煮だこ（生食用）,肉のハナマサ 銀座店,魚介類,,,,1.0,852,852,2025-11-04,軽減税率8%対象
NH147,ソデイカ,肉のハナマサ 銀座店,魚介類,,,,1.0,430,430,2025-11-04,軽減税率8%対象
NH021,有頭赤えび,肉のハナマサ 銀座店,魚介類,,,,2.0,490,980,2025-11-04,軽減税率8%対象
NH039,明太子,肉のハナマサ 銀座店,加工品,,,,1.0,463,463,2025-11-04,軽減税率8%対象
NH148,濃厚あん肝いか,肉のハナマサ 銀座店,加工品,,,,1.0,383,383,2025-11-04,軽減税率8%対象
NH082,静岡ザク切り本わ,肉のハナマサ 銀座店,加工品,,,,1.0,280,280,2025-11-04,軽減税率8%対象
NH023,プロ仕様〆さば,肉のハナマサ 銀座店,魚介類,,399g,1.25,1.0,499,499,2025-11-04,軽減税率8%対象
NH011,冷凍塩ゆで枝豆,肉のハナマサ 銀座店,冷凍食品,,496g,0.54,1.0,268,268,2025-11-04,軽減税率8%対象
NH091,クラフトフィラデ,肉のハナマサ 銀座店,乳製品,,,,1.0,498,498,2025-11-04,軽減税率8%対象
NH133,たまご,肉のハナマサ 銀座店,加工品,,606g,0.31,1.0,188,188,2025-11-04,軽減税率8%対象
NH031,テンメンジャン,肉のハナマサ 銀座店,調味料,,,,1.0,478,478,2025-11-04,軽減税率8%対象
NH149,和風つゆの素,肉のハナマサ 銀座店,調味料,,,,1.0,328,328,2025-11-04,軽減税率8%対象
NH150,キッチニスタラッ,肉のハナマサ 銀座店,加工品,,,,2.0,368,736,2025-11-04,10%対象
NH045,ぶなしめじ,肉のハナマサ 銀座店,野菜,,,,1.0,180,180,2025-11-05,軽減税率8%対象
NH043,長ねぎ,肉のハナマサ 銀座店,野菜,,,,1.0,498,498,2025-11-05,軽減税率8%対象
NH018,ピーマン（大袋）,肉のハナマサ 銀座店,野菜,,,,1.0,480,480,2025-11-05,軽減税率8%対象
NH003,メンマ,肉のハナマサ 銀座店,加工品,,,,2.0,250,500,2025-11-05,軽減税率8%対象
NH070,若鶏モモ肉（解凍）,肉のハナマサ 銀座店,肉類,,,,1.0,668,668,2025-11-05,軽減税率8%対象
NH005,真鯛,肉のハナマサ 銀座店,魚介類,,,,1.0,990,990,2025-11-05,軽減税率8%対象
NH151,ソテイカ,肉のハナマサ 銀座店,魚介類,,,,1.0,396,396,2025-11-05,軽減税率8%対象
NH021,有頭赤えび,肉のハナマサ 銀座店,魚介類,,,,2.0,490,980,2025-11-05,軽減税率8%対象
NH038,殻付あさり,肉のハナマサ 銀座店,魚介類,,,,1.0,399,399,2025-11-05,軽減税率8%対象
NH009,生中華麺（太麺）,肉のハナマサ 銀座店,麺類,,,,1.0,348,348,2025-11-05,軽減税率8%対象
NH025,みどり無調整豆乳,肉のハナマサ 銀座店,乳製品,,,,1.0,178,178,2025-11-05,軽減税率8%対象
NH133,たまご,肉のハナマサ 銀座店,加工品,,606g,0.31,1.0,148,148,2025-11-05,軽減税率8%対象
NH152,鶏肉入りラー油,肉のハナマサ 銀座店,調味料,,,,1.0,580,580,2025-11-05,軽減税率8%対象
NH153,プラス糀　生塩麹,肉のハナマサ 銀座店,調味料,,,,1.0,398,398,2025-11-05,軽減税率8%対象
NH051,さしみ醤油,肉のハナマサ 銀座店,調味料,,,,1.0,248,248,2025-11-05,軽減税率8%対象
NH030,四川豆板醤,肉のハナマサ 銀座店,調味料,,,,1.0,498,498,2025-11-05,軽減税率8%対象
NH154,美蓉醬（ジンジャ）,肉のハナマサ 銀座店,調味料,,,,1.0,298,298,2025-11-05,軽減税率8%対象
NH155,芝麻醤,肉のハナマサ 銀座店,調味料,,,,1.0,298,298,2025-11-05,軽減税率8%対象
NH016,ブラックオリーブ,肉のハナマサ 銀座店,加工品,,172g,1.86,2.0,248,496,2025-11-05,軽減税率8%対象
NH156,徳用煎ミックス,肉のハナマサ 銀座店,加工品,,,,1.0,1080,1080,2025-11-05,軽減税率8%対象
NH157,キッチニスタラッ,肉のハナマサ 銀座店,加工品,,,,1.0,368,368,2025-11-05,10%対象
NH044,大葉（小）,肉のハナマサ 銀座店,野菜,,,,1.0,350,350,2025-11-06,軽減税率8%対象
NH138,わらさ,肉のハナマサ 銀座店,魚介類,,,,1.0,880,880,2025-11-06,軽減税率8%対象
NH158,あん肝,肉のハナマサ 銀座店,魚介類,,,,1.0,411,411,2025-11-06,軽減税率8%対象
NH007,煮だこ（生食用）,肉のハナマサ 銀座店,魚介類,,,,1.0,618,618,2025-11-06,軽減税率8%対象
NH124,たら白子,肉のハナマサ 銀座店,魚介類,,,,1.0,394,394,2025-11-06,軽減税率8%対象
NH159,バゲット,肉のハナマサ 銀座店,加工品,,,,1.0,99,99,2025-11-06,軽減税率8%対象
NH017,北海道バター,肉のハナマサ 銀座店,乳製品,,,,1.0,1198,1198,2025-11-06,軽減税率8%対象
NH160,エキストラバージンオイル,肉のハナマサ 銀座店,調味料,,,,1.0,780,780,2025-11-06,軽減税率8%対象
NH161,純玄米黒酢,肉のハナマサ 銀座店,調味料,,,,1.0,788,788,2025-11-06,軽減税率8%対象
NH162,クリスタル氷砂糖,肉のハナマサ 銀座店,調味料,,,,1.0,598,598,2025-11-06,軽減税率8%対象
NH163,白いちじく（トルコ産）,肉のハナマサ 銀座店,乾物,,,,1.0,980,980,2025-11-06,軽減税率8%対象
NH164,ホワイトリカー,肉のハナマサ 銀座店,酒類,,,,1.0,1398,1398,2025-11-06,10%対象
東武001,いちじく,東武ストア 西川口店,果物,,,,1.0,698,698,2025-11-07,軽減税率8%対象
東武002,釧路いわし水煮,東武ストア 西川口店,加工品,,,,1.0,209,209,2025-11-07,軽減税率8%対象
NH081,長芋,肉のハナマサ 銀座店,野菜,,,,1.0,780,780,2025-11-07,軽減税率8%対象
NH039,明太子,肉のハナマサ 銀座店,加工品,,,,1.0,391,391,2025-11-07,軽減税率8%対象
NH165,蒲焼のたれR,肉のハナマサ 銀座店,調味料,,,,1.0,220,220,2025-11-07,軽減税率8%対象
NH022,静岡ザク切り本わさび,肉のハナマサ 銀座店,調味料,,,,1.0,280,280,2025-11-07,軽減税率8%対象
NH023,プロ仕様〆さば,肉のハナマサ 銀座店,魚介類,,399g,1.25,1.0,499,499,2025-11-07,軽減税率8%対象
NH011,冷凍塩ゆで枝豆,肉のハナマサ 銀座店,冷凍食品,,496g,0.54,1.0,268,268,2025-11-07,軽減税率8%対象
NH166,笹がきごぼう,肉のハナマサ 銀座店,野菜,,,,1.0,348,348,2025-11-07,軽減税率8%対象
NH167,無添加円熟みそ,肉のハナマサ 銀座店,調味料,,,,1.0,468,468,2025-11-07,軽減税率8%対象
NH107,ハラペーニョスライス,肉のハナマサ 銀座店,加工品,,,,1.0,398,398,2025-11-07,軽減税率8%対象
NH108,スコッティファイン,肉のハナマサ 銀座店,雑貨,,,,1.0,160,160,2025-11-07,10%対象
NH042,三年陳年紹興酒,肉のハナマサ 銀座店,酒類,,,,1.0,370,370,2025-11-07,10%対象
NH093,胡瓜,肉のハナマサ 銀座店,野菜,,,,1.0,198,198,2025-11-10,軽減税率8%対象
NH094,人参,肉のハナマサ 銀座店,野菜,,,,1.0,498,498,2025-11-10,軽減税率8%対象
NH168,むき玉葱,肉のハナマサ 銀座店,野菜,,,,1.0,250,250,2025-11-10,軽減税率8%対象
NH034,豚バラスライス,肉のハナマサ 銀座店,肉類,,,,1.0,1087,1087,2025-11-10,軽減税率8%対象
NH035,国産若鶏ムネ肉,肉のハナマサ 銀座店,肉類,,,,1.0,567,567,2025-11-10,軽減税率8%対象
NH004,国産若鶏モモ肉,肉のハナマサ 銀座店,肉類,,,,1.0,798,798,2025-11-10,軽減税率8%対象
NH005,真鯛,肉のハナマサ 銀座店,魚介類,,,,1.0,990,990,2025-11-10,軽減税率8%対象
NH006,ボイルつぶ貝,肉のハナマサ 銀座店,魚介類,,,,1.0,469,469,2025-11-10,軽減税率8%対象
NH169,蒸し蛸（中）,肉のハナマサ 銀座店,魚介類,,,,1.0,820,820,2025-11-10,軽減税率8%対象
NH170,赤いか,肉のハナマサ 銀座店,魚介類,,,,1.0,481,481,2025-11-10,軽減税率8%対象
NH047,生のり,肉のハナマサ 銀座店,海藻,,,,1.0,199,199,2025-11-10,軽減税率8%対象
NH056,いぶりがっこ,肉のハナマサ 銀座店,加工品,,,,2.0,699,1398,2025-11-10,軽減税率8%対象
NH133,たまご,肉のハナマサ 銀座店,加工品,,606g,0.31,1.0,238,238,2025-11-10,軽減税率8%対象
NH171,料理酒 清酒味,肉のハナマサ 銀座店,調味料,,,,1.0,248,248,2025-11-10,軽減税率8%対象
NH016,ブラックオリーブ,肉のハナマサ 銀座店,加工品,,172g,1.86,2.0,248,496,2025-11-10,軽減税率8%対象
NH172,白菜1/2カット,肉のハナマサ 銀座店,野菜,,,,1.0,280,280,2025-11-11,軽減税率8%対象
NH173,えのき茸,肉のハナマサ 銀座店,野菜,,,,1.0,130,130,2025-11-11,軽減税率8%対象
NH127,チェリートマト,肉のハナマサ 銀座店,野菜,,,,1.0,580,580,2025-11-11,軽減税率8%対象
NH174,春菊,肉のハナマサ 銀座店,野菜,,,,1.0,298,298,2025-11-11,軽減税率8%対象
NH175,水菜,肉のハナマサ 銀座店,野菜,,,,1.0,200,200,2025-11-11,軽減税率8%対象
NH096,カットぶなしめじ,肉のハナマサ 銀座店,野菜,,,,1.0,180,180,2025-11-11,軽減税率8%対象
NH061,万能ねぎ,肉のハナマサ 銀座店,野菜,,,,1.0,250,250,2025-11-11,軽減税率8%対象
NH124,たら白子,肉のハナマサ 銀座店,魚介類,,,,1.0,443,443,2025-11-11,軽減税率8%対象
NH021,有頭赤えび,肉のハナマサ 銀座店,魚介類,,,,2.0,490,980,2025-11-11,軽減税率8%対象
NH176,岡山県産冷凍かき,肉のハナマサ 銀座店,魚介類,,,,1.0,2690,2690,2025-11-11,軽減税率8%対象
NH177,生おろしわさび,肉のハナマサ 銀座店,調味料,,,,1.0,1490,1490,2025-11-11,軽減税率8%対象
NH178,国産大豆ダブルパック納豆,肉のハナマサ 銀座店,加工品,,,,1.0,109,109,2025-11-11,軽減税率8%対象
NH132,ピリ辛らっきょう,肉のハナマサ 銀座店,加工品,,,,1.0,198,198,2025-11-11,軽減税率8%対象
NH179,もみじおろし,肉のハナマサ 銀座店,調味料,,,,1.0,228,228,2025-11-11,軽減税率8%対象
NH180,プラス糀 生みそ,肉のハナマサ 銀座店,調味料,,,,1.0,378,378,2025-11-11,軽減税率8%対象
NH120,米油,肉のハナマサ 銀座店,調味料,,,,1.0,980,980,2025-11-11,軽減税率8%対象
NH181,保存用ポリ袋,肉のハナマサ 銀座店,雑貨,,,,1.0,148,148,2025-11-11,10%対象
NH182,キャベツ,肉のハナマサ 銀座店,野菜,,,,1.0,280,280,2025-11-12,軽減税率8%対象
NH183,黒豆もやし,肉のハナマサ 銀座店,野菜,,,,1.0,50,50,2025-11-12,軽減税率8%対象
NH184,梨（バラ）,肉のハナマサ 銀座店,果物,,,,1.0,398,398,2025-11-12,軽減税率8%対象
NH185,牛大腸（解凍）,肉のハナマサ 銀座店,肉類,,,,1.0,634,634,2025-11-12,軽減税率8%対象
NH186,シロコロホルモン,肉のハナマサ 銀座店,肉類,,,,2.0,398,796,2025-11-12,軽減税率8%対象
NH070,若鶏モモ肉（解凍）,肉のハナマサ 銀座店,肉類,,,,1.0,672,672,2025-11-12,軽減税率8%対象
NH124,たら白子,肉のハナマサ 銀座店,魚介類,,,,1.0,474,474,2025-11-12,軽減税率8%対象
NH009,生中華麺（太麺）,肉のハナマサ 銀座店,麺類,,,,1.0,348,348,2025-11-12,軽減税率8%対象
NH100,バタール,肉のハナマサ 銀座店,加工品,,,,1.0,128,128,2025-11-12,軽減税率8%対象
NH133,たまご,肉のハナマサ 銀座店,加工品,,606g,0.31,1.0,218,218,2025-11-12,軽減税率8%対象
NH187,リンゴ酢,肉のハナマサ 銀座店,調味料,,,,1.0,298,298,2025-11-12,軽減税率8%対象
NH188,昆布つゆ,肉のハナマサ 銀座店,調味料,,,,1.0,298,298,2025-11-12,軽減税率8%対象
NH066,花椒,肉のハナマサ 銀座店,調味料,,,,1.0,278,278,2025-11-12,軽減税率8%対象
NH067,八角,肉のハナマサ 銀座店,調味料,,,,1.0,298,298,2025-11-12,軽減税率8%対象
NH189,割烹白だし,肉のハナマサ 銀座店,調味料,,,,1.0,298,298,2025-11-12,軽減税率8%対象
NH190,万上 濃厚熟成本みりん,肉のハナマサ 銀座店,調味料,,,,1.0,208,208,2025-11-12,10%対象
NH081,長芋,肉のハナマサ 銀座店,野菜,,,,1.0,780,780,2025-11-13,軽減税率8%対象
NH191,ニラ,肉のハナマサ 銀座店,野菜,,,,1.0,350,350,2025-11-13,軽減税率8%対象
NH018,ピーマン（大袋）,肉のハナマサ 銀座店,野菜,,,,1.0,580,580,2025-11-13,軽減税率8%対象
NH104,根しょうが,肉のハナマサ 銀座店,野菜,,,,1.0,280,280,2025-11-13,軽減税率8%対象
NH097,レモン,肉のハナマサ 銀座店,果物,,,,1.0,680,680,2025-11-13,軽減税率8%対象
NH192,国産若鶏モモ肉（解凍）,肉のハナマサ 銀座店,肉類,,,,1.0,777,777,2025-11-13,軽減税率8%対象
NH005,真鯛,肉のハナマサ 銀座店,魚介類,,,,1.0,990,990,2025-11-13,軽減税率8%対象
NH193,あん肝,肉のハナマサ 銀座店,魚介類,,,,1.0,449,449,2025-11-13,軽減税率8%対象
NH006,ボイルつぶ貝,肉のハナマサ 銀座店,魚介類,,,,1.0,389,389,2025-11-13,軽減税率8%対象
NH007,煮だこ（生食用）,肉のハナマサ 銀座店,魚介類,,,,1.0,838,838,2025-11-13,軽減税率8%対象
NH194,ソデイカ,肉のハナマサ 銀座店,魚介類,,,,1.0,369,369,2025-11-13,軽減税率8%対象
NH021,有頭赤えび,肉のハナマサ 銀座店,魚介類,,,,2.0,490,980,2025-11-13,軽減税率8%対象
NH039,明太子,肉のハナマサ 銀座店,加工品,,,,1.0,319,319,2025-11-13,軽減税率8%対象
NH195,つるシコうどん,肉のハナマサ 銀座店,麺類,,,,1.0,139,139,2025-11-13,軽減税率8%対象
NH096,カットぶなしめじ,肉のハナマサ 銀座店,野菜,,,,1.0,180,180,2025-11-14,軽減税率8%対象
NH196,黒豆もやし,肉のハナマサ 銀座店,野菜,,,,1.0,50,50,2025-11-14,軽減税率8%対象
NH098,豚バラブロック,肉のハナマサ 銀座店,肉類,,,,1.0,1035,1035,2025-11-14,軽減税率8%対象
NH197,メジマグロ,肉のハナマサ 銀座店,魚介類,,,,1.0,580,580,2025-11-14,軽減税率8%対象
NH005,真鯛,肉のハナマサ 銀座店,魚介類,,,,1.0,990,990,2025-11-14,軽減税率8%対象
NH198,あん肝,肉のハナマサ 銀座店,魚介類,,,,1.0,342,342,2025-11-14,軽減税率8%対象
NH124,たら白子,肉のハナマサ 銀座店,魚介類,,,,1.0,411,411,2025-11-14,軽減税率8%対象
NH022,静岡ザク切り本わさび,肉のハナマサ 銀座店,調味料,,,,1.0,280,280,2025-11-14,軽減税率8%対象
NH024,ペチュキムチ,肉のハナマサ 銀座店,加工品,,,,1.0,380,380,2025-11-14,軽減税率8%対象
NH051,さしみ醤油,肉のハナマサ 銀座店,調味料,,,,1.0,248,248,2025-11-14,軽減税率8%対象
NH032,本醸造しょうゆ,肉のハナマサ 銀座店,調味料,,,,1.0,198,198,2025-11-14,軽減税率8%対象
NH033,熟トマト,肉のハナマサ 銀座店,野菜,,,,1.0,168,168,2025-11-14,軽減税率8%対象
NH199,コン郎ボンベ,肉のハナマサ 銀座店,雑貨,,,,1.0,438,438,2025-11-14,10%対象
NH086,ビズーレペーパー,肉のハナマサ 銀座店,雑貨,,,,1.0,148,148,2025-11-14,10%対象
NH060,本みりん,肉のハナマサ 銀座店,調味料,,,,1.0,399,399,2025-11-14,10%対象
NH200,じゃが芋,肉のハナマサ 銀座店,野菜,,,,1.0,450,450,2025-11-17,軽減税率8%対象
NH044,大葉（小）,肉のハナマサ 銀座店,野菜,,,,1.0,450,450,2025-11-17,軽減税率8%対象
NH201,冷凍国産豚さがり,肉のハナマサ 銀座店,肉類,,,,1.0,790,790,2025-11-17,軽減税率8%対象
NH035,国産若鶏ムネ肉,肉のハナマサ 銀座店,肉類,,,,1.0,496,496,2025-11-17,軽減税率8%対象
NH004,国産若鶏モモ肉,肉のハナマサ 銀座店,肉類,,,,1.0,1980,1980,2025-11-17,軽減税率8%対象
NH202,春巻きの皮,肉のハナマサ 銀座店,加工品,,,,1.0,209,209,2025-11-17,軽減税率8%対象
NH005,真鯛,肉のハナマサ 銀座店,魚介類,,,,1.0,990,990,2025-11-17,軽減税率8%対象
NH203,あん肝,肉のハナマサ 銀座店,魚介類,,,,1.0,405,405,2025-11-17,軽減税率8%対象
NH007,煮だこ（生食用）,肉のハナマサ 銀座店,魚介類,,,,1.0,582,582,2025-11-17,軽減税率8%対象
NH124,たら白子,肉のハナマサ 銀座店,魚介類,,,,1.0,293,293,2025-11-17,軽減税率8%対象
NH021,有頭赤えび,肉のハナマサ 銀座店,魚介類,,,,2.0,490,980,2025-11-17,軽減税率8%対象
NH204,バゲット,肉のハナマサ 銀座店,加工品,,,,1.0,99,99,2025-11-17,軽減税率8%対象
NH133,たまご,肉のハナマサ 銀座店,加工品,,606g,0.31,1.0,218,218,2025-11-17,軽減税率8%対象
NH205,白だし,肉のハナマサ 銀座店,調味料,,,,1.0,580,580,2025-11-17,軽減税率8%対象
NH042,三年陳年紹興酒,肉のハナマサ 銀座店,酒類,,,,1.0,370,370,2025-11-17,10%対象
NH043,長ねぎ,肉のハナマサ 西新橋店,野菜,,,,1.0,298,298,2025-11-18,軽減税率8%対象
NH003,メンマ,肉のハナマサ 西新橋店,加工品,,,,2.0,298,596,2025-11-18,軽減税率8%対象
NH020,豚挽肉（解凍）,肉のハナマサ 西新橋店,肉類,,,,1.0,786,786,2025-11-18,軽減税率8%対象
NH206,国産若鶏砂肝,肉のハナマサ 西新橋店,肉類,,,,1.0,614,614,2025-11-18,軽減税率8%対象
NH036,天然ぶり,肉のハナマサ 西新橋店,魚介類,,,,1.0,490,490,2025-11-18,軽減税率8%対象
NH039,明太子,肉のハナマサ 西新橋店,加工品,,,,1.0,442,442,2025-11-18,軽減税率8%対象
NH009,生中華麺（太麺）,肉のハナマサ 西新橋店,麺類,,,,1.0,348,348,2025-11-18,軽減税率8%対象
NH024,ペチュキムチ,肉のハナマサ 西新橋店,加工品,,,,1.0,380,380,2025-11-18,軽減税率8%対象
NH207,青森産 長芋とろろ,肉のハナマサ 西新橋店,野菜,,,,1.0,528,528,2025-11-18,軽減税率8%対象
NH208,水菜,肉のハナマサ 銀座店,野菜,,,,1.0,200,200,2025-11-19,軽減税率8%対象
NH070,若鶏モモ肉（解凍）,肉のハナマサ 銀座店,肉類,,,,1.0,748,748,2025-11-19,軽減税率8%対象
NH007,煮だこ（生食用）,肉のハナマサ 銀座店,魚介類,,,,1.0,598,598,2025-11-19,軽減税率8%対象
NH022,静岡ザク切り本わさび,肉のハナマサ 銀座店,調味料,,,,1.0,280,280,2025-11-19,軽減税率8%対象
NH023,プロ仕様〆さば,肉のハナマサ 銀座店,魚介類,,399g,1.25,1.0,499,499,2025-11-19,軽減税率8%対象
NH209,マイコ 種入りマスタード,肉のハナマサ 銀座店,調味料,,,,1.0,358,358,2025-11-19,軽減税率8%対象
NH066,花椒,肉のハナマサ 銀座店,調味料,,,,1.0,278,278,2025-11-19,軽減税率8%対象
NH067,八角,肉のハナマサ 銀座店,調味料,,,,1.0,298,298,2025-11-19,軽減税率8%対象
NH045,ぶなしめじ,肉のハナマサ 銀座店,野菜,,,,1.0,280,280,2025-11-20,軽減税率8%対象
NH005,真鯛,肉のハナマサ 銀座店,魚介類,,,,1.0,990,990,2025-11-20,軽減税率8%対象
NH124,たら白子,肉のハナマサ 銀座店,魚介類,,,,1.0,451,451,2025-11-20,軽減税率8%対象
NH021,有頭赤えび,肉のハナマサ 銀座店,魚介類,,,,2.0,490,980,2025-11-20,軽減税率8%対象
NH009,生中華麺（太麺）,肉のハナマサ 銀座店,麺類,,,,1.0,348,348,2025-11-20,軽減税率8%対象
NH210,クッキングソルト,肉のハナマサ 銀座店,調味料,,,,1.0,238,238,2025-11-20,軽減税率8%対象
NH211,料理酒 清酒味,肉のハナマサ 銀座店,調味料,,,,1.0,248,248,2025-11-20,軽減税率8%対象
NH212,国産若鶏モモ肉（解凍）,肉のハナマサ 銀座店,肉類,,,,1.0,857,857,2025-11-21,軽減税率8%対象
NH005,真鯛,肉のハナマサ 銀座店,魚介類,,,,1.0,790,790,2025-11-21,軽減税率8%対象
NH099,きびなご,肉のハナマサ 銀座店,魚介類,,,,1.0,390,390,2025-11-21,軽減税率8%対象
NH039,明太子,肉のハナマサ 銀座店,加工品,,,,1.0,327,327,2025-11-21,軽減税率8%対象
NH213,貝わさび,肉のハナマサ 銀座店,加工品,,,,1.0,352,352,2025-11-21,軽減税率8%対象
NH022,静岡ザク切り本わさび,肉のハナマサ 銀座店,調味料,,,,1.0,280,280,2025-11-21,軽減税率8%対象
NH023,プロ仕様〆さば,肉のハナマサ 銀座店,魚介類,,399g,1.25,1.0,499,499,2025-11-21,軽減税率8%対象
NH073,クラフトフィラデルフィア,肉のハナマサ 銀座店,乳製品,,,,1.0,498,498,2025-11-21,軽減税率8%対象
NH016,ブラックオリーブ,肉のハナマサ 銀座店,加工品,,172g,1.86,2.0,248,496,2025-11-21,軽減税率8%対象
NH081,長芋,肉のハナマサ 銀座店,野菜,,,,1.0,780,780,2025-11-26,軽減税率8%対象
NH043,長ねぎ,肉のハナマサ 銀座店,野菜,,,,1.0,498,498,2025-11-26,軽減税率8%対象
NH018,ピーマン（大袋）,肉のハナマサ 銀座店,野菜,,,,1.0,680,680,2025-11-26,軽減税率8%対象
NH098,豚バラブロック,肉のハナマサ 銀座店,肉類,,,,1.0,1153,1153,2025-11-26,軽減税率8%対象
NH035,国産若鶏ムネ肉,肉のハナマサ 銀座店,肉類,,,,1.0,620,620,2025-11-26,軽減税率8%対象
NH004,国産若鶏モモ肉,肉のハナマサ 銀座店,肉類,,,,1.0,1980,1980,2025-11-26,軽減税率8%対象
NH005,真鯛,肉のハナマサ 銀座店,魚介類,,,,1.0,990,990,2025-11-26,軽減税率8%対象
NH099,きびなご,肉のハナマサ 銀座店,魚介類,,,,1.0,390,390,2025-11-26,軽減税率8%対象
NH214,煮たこ（生食用）,肉のハナマサ 銀座店,魚介類,,,,1.0,746,746,2025-11-26,軽減税率8%対象
NH124,たら白子,肉のハナマサ 銀座店,魚介類,,,,1.0,430,430,2025-11-26,軽減税率8%対象
NH021,有頭赤えび,肉のハナマサ 銀座店,魚介類,,,,2.0,490,980,2025-11-26,軽減税率8%対象
NH023,プロ仕様〆さば,肉のハナマサ 銀座店,魚介類,,399g,1.25,1.0,499,499,2025-11-26,軽減税率8%対象
NH133,たまご,肉のハナマサ 銀座店,加工品,,606g,0.31,1.0,218,218,2025-11-26,軽減税率8%対象
NH042,三年陳年紹興酒,肉のハナマサ 銀座店,酒類,,,,1.0,370,370,2025-11-26,10%対象
NH094,人参,肉のハナマサ 銀座店,野菜,,,,1.0,498,498,2025-11-28,軽減税率8%対象
NH018,ピーマン（大袋）,肉のハナマサ 銀座店,野菜,,,,1.0,680,680,2025-11-28,軽減税率8%対象
NH003,メンマ,肉のハナマサ 銀座店,加工品,,,,2.0,250,500,2025-11-28,軽減税率8%対象
NH061,万能ねぎ,肉のハナマサ 銀座店,野菜,,,,1.0,280,280,2025-11-28,軽減税率8%対象
NH069,こまつな,肉のハナマサ 銀座店,野菜,,,,1.0,180,180,2025-11-28,軽減税率8%対象
NH215,目鯛,肉のハナマサ 銀座店,魚介類,,,,1.0,580,580,2025-11-28,軽減税率8%対象
NH216,あん肝,肉のハナマサ 銀座店,魚介類,,,,1.0,542,542,2025-11-28,軽減税率8%対象
NH038,殻付あさり,肉のハナマサ 銀座店,魚介類,,,,1.0,399,399,2025-11-28,軽減税率8%対象
NH022,静岡ザク切り本わさび,肉のハナマサ 銀座店,調味料,,,,1.0,280,280,2025-11-28,軽減税率8%対象
NH024,ペチュキムチ,肉のハナマサ 銀座店,加工品,,,,1.0,380,380,2025-11-28,軽減税率8%対象
NH217,ミーフランス（フランスパン）,肉のハナマサ 銀座店,加工品,,,,1.0,108,108,2025-11-28,軽減税率8%対象
NH218,ミックスサイズたまご,肉のハナマサ 銀座店,加工品,,606g,0.31,1.0,238,238,2025-11-28,軽減税率8%対象
NH219,フライドオニオン,肉のハナマサ 銀座店,加工品,,,,1.0,198,198,2025-11-28,軽減税率8%対象
NS001,食研仕込 サバ切身 冷凍,日本食研,魚介類,,1kg,1.8,1.0,1800,1800,2025-10-06,
NS002,鶏しんじょう 1kg 冷凍,日本食研,加工品,,1kg,1.32,1.0,1320,1320,2025-10-06,
NS003,食研仕込 豚もつカット 1kg 冷凍,日本食研,肉類,,1kg,2.3,1.0,2300,2300,2025-10-06,
NS004,食研酒場 ごぼうから揚げ 1kg 冷凍,日本食研,加工品,,1kg,2.1,1.0,2100,2100,2025-10-06,
NS005,食研仕込 牛すじカット 1kg 冷凍,日本食研,肉類,,1kg,2.82,1.0,2820,2820,2025-10-17,
